{
    "cx" : 608.80518282,
    "cy" : 353.95008807,
    "depth_scale": 0.1,
    "fx": 934.69763184,
    "fy": 944.0513916,
    "height": 720,
    "width": 1280
}
